1,Avatar: The Way of Water,2022-12-09T00:00:00,460000000,684075767,2317514386
2,Avengers: Endgame,2019-04-23T00:00:00,400000000,858373000,2788912285
3,Pirates of the Caribbean: On Stranger Tides,2011-05-20T00:00:00,379000000,241071802,1045713802
4,Avengers: Age of Ultron,2015-04-22T00:00:00,365000000,459005868,1395316979
5,Fast X,2023-05-17T00:00:00,340000000,146126015,714588307
6,Star Wars Ep. VII: The Force Awakens,2015-12-16T00:00:00,306000000,936662225,2064615817
7,Avengers: Infinity War,2018-04-25T00:00:00,300000000,678815482,2048359754
8,Pirates of the Caribbean: At World’s End,2007-05-24T00:00:00,300000000,309420425,960996492
9,Justice League,2017-11-13T00:00:00,300000000,229024295,655945209
10,Indiana Jones and the Dial of Destiny,2023-06-28T00:00:00,300000000,174480468,381408656
11,Mission: Impossible Dead Reckoning Part One,2023-07-11T00:00:00,290000000,172640980,566644143
12,Star Wars: The Rise of Skywalker,2019-12-18T00:00:00,275000000,515202542,1072767997
13,Solo: A Star Wars Story,2018-05-23T00:00:00,275000000,213767512,393151347
14,The Marvels,2023-11-08T00:00:00,274800000,84500223,199706250
15,John Carter,2012-03-07T00:00:00,263700000,73058679,282778100
16,Batman v Superman: Dawn of Justice,2016-03-23T00:00:00,263000000,330360194,872395091
17,Star Wars Ep. VIII: The Last Jedi,2017-12-13T00:00:00,262000000,620181382,1331635141
18,The Lion King,2019-07-11T00:00:00,260000000,543638043,1646106779
19,Tangled,2010-11-24T00:00:00,260000000,200821936,582440151
20,Spider-Man 3,2007-05-04T00:00:00,258000000,336530303,894860230
21,Black Panther: Wakanda Forever,2022-11-09T00:00:00,250000000,453829060,853985546
22,Captain America: Civil War,2016-04-22T00:00:00,250000000,408084349,1151899586
23,Guardians of the Galaxy Vol 3,2023-05-03T00:00:00,250000000,358995815,845468744
24,Thor: Love and Thunder,2022-07-01T00:00:00,250000000,343256830,760928081
25,Harry Potter and the Half-Blood Prince,2009-07-15T00:00:00,250000000,302089278,926069091
26,The Little Mermaid,2023-05-24T00:00:00,250000000,298172056,568345048
27,The Hobbit: The Desolation of Smaug,2013-12-12T00:00:00,250000000,258241522,959358436
28,The Hobbit: The Battle of the Five Armies,2014-12-10T00:00:00,250000000,255119788,940323039
29,The Fate of the Furious,2017-04-07T00:00:00,250000000,225764765,1235534014
30,No Time to Die,2021-09-29T00:00:00,250000000,160891007,758929771
31,Spectre,2015-10-06T00:00:00,245000000,200074175,879077344
32,Avatar,2009-12-17T00:00:00,237000000,785221649,2923706026
33,Superman Returns,2006-06-28T00:00:00,232000000,200120000,391081192
34,The Dark Knight Rises,2012-07-19T00:00:00,230000000,448139099,1082228107
35,Pirates of the Caribbean: Dead Men Tell No Tales,2017-05-23T00:00:00,230000000,172558876,794861794
36,Quantum of Solace,2008-11-14T00:00:00,230000000,169368427,591692078
37,The Avengers,2012-04-25T00:00:00,225000000,623357910,1515100211
38,Pirates of the Caribbean: Dead Man’s Chest,2006-07-06T00:00:00,225000000,423315812,1066179725
39,Man of Steel,2013-06-14T00:00:00,225000000,291045518,667999518
40,The Chronicles of Narnia: Prince Caspian,2008-05-16T00:00:00,225000000,141621490,417341288
41,The Lone Ranger,2013-07-02T00:00:00,225000000,89302115,260002115
42,The Amazing Spider-Man,2012-06-27T00:00:00,220000000,262030663,757890267
43,Battleship,2012-04-11T00:00:00,220000000,65233400,313477717
44,Transformers: The Last Knight,2017-06-20T00:00:00,217000000,130168683,602893340
45,Jurassic World,2015-06-09T00:00:00,215000000,652306625,1669963641
46,Men in Black 3,2012-05-23T00:00:00,215000000,179020854,654213485
47,Transformers: Revenge of the Fallen,2009-06-24T00:00:00,210000000,402111870,836519699
48,Transformers: Age of Extinction,2014-06-25T00:00:00,210000000,245439076,1104054072
49,X-Men: The Last Stand,2006-05-26T00:00:00,210000000,234362462,459260946
50,Robin Hood,2010-05-14T00:00:00,210000000,105487148,322459006
51,King Kong,2005-12-14T00:00:00,207000000,218080025,550517357
52,Aquaman and the Lost Kingdom,2023-12-20T00:00:00,205000000,124481226,433845564
53,The Golden Compass,2007-12-07T00:00:00,205000000,70107728,367262558
54,Tenet,2020-08-26T00:00:00,205000000,58504105,359518466
55,Spider-Man: No Way Home,2021-12-14T00:00:00,200000000,814115070,1907836254
56,Black Panther,2018-02-13T00:00:00,200000000,700059566,1336494320
57,Titanic,1997-12-18T00:00:00,200000000,674460013,2223048786
58,Incredibles 2,2018-06-15T00:00:00,200000000,608581744,1242805359
59,Rogue One: A Star Wars Story,2016-12-14T00:00:00,200000000,533539991,1055083596
60,Finding Dory,2016-06-16T00:00:00,200000000,486295561,1025006125
61,Toy Story 4,2019-06-20T00:00:00,200000000,434038008,1072817964
62,Toy Story 3,2010-06-18T00:00:00,200000000,415004880,1068879522
63,Doctor Strange in the Multiverse of Madness,2022-05-04T00:00:00,200000000,411331607,952224986
64,Iron Man 3,2013-04-24T00:00:00,200000000,408992272,1215392272
65,Guardians of the Galaxy Vol 2,2017-04-28T00:00:00,200000000,389813101,869087963
66,Spider-Man 2,2004-06-30T00:00:00,200000000,373524485,794697557
67,The Batman,2022-03-01T00:00:00,200000000,369345583,765950479
68,Alice in Wonderland,2010-03-04T00:00:00,200000000,334191110,1025491110
69,Skyfall,2012-10-26T00:00:00,200000000,304360277,1110526981
70,The Hobbit: An Unexpected Journey,2012-12-11T00:00:00,200000000,303003568,1014938545
71,Monsters University,2013-06-21T00:00:00,200000000,268488329,743455810
72,Oz the Great and Powerful,2013-03-08T00:00:00,200000000,234770996,490359051
73,X-Men: Days of Future Past,2014-05-21T00:00:00,200000000,233921534,747862775
74,Ant-Man and the Wasp: Quantumania,2023-02-15T00:00:00,200000000,214506909,463635303
75,The Amazing Spider-Man 2,2014-04-16T00:00:00,200000000,202853933,708996336
76,Cars 2,2011-06-23T00:00:00,200000000,191450875,560155383
77,Black Widow,2021-07-07T00:00:00,200000000,183651655,379751131
78,Fast & Furious Presents: Hobbs & Shaw,2019-07-31T00:00:00,200000000,173956935,760732926
79,F9: The Fast Saga,2021-05-20T00:00:00,200000000,173005945,719360510
80,Tron: Legacy,2010-12-17T00:00:00,200000000,172062763,399866199
81,Black Adam,2022-10-19T00:00:00,200000000,168283344,390455088
82,2012,2009-11-12T00:00:00,200000000,166112167,757677748
83,Eternals,2021-11-03T00:00:00,200000000,164870264,401731759
84,Fantastic Beasts: The Crimes of Grindelwald,2018-11-14T00:00:00,200000000,159555901,648455339
85,Elemental,2023-06-14T00:00:00,200000000,154426697,485044319
86,Terminator Salvation,2009-05-21T00:00:00,200000000,125322469,365491792
87,Lightyear,2022-06-15T00:00:00,200000000,118307188,218768299
88,Jungle Cruise,2021-07-28T00:00:00,200000000,116987516,210469803
89,Green Lantern,2011-06-17T00:00:00,200000000,116601172,219535492
90,The Flash,2023-06-13T00:00:00,200000000,108167507,266550332
91,Fantastic Beasts: The Secrets of Dumbledore,2022-04-06T00:00:00,200000000,95850844,404560145
92,Prince of Persia: Sands of Time,2010-05-28T00:00:00,200000000,90759676,336359676
93,Killers of the Flower Moon,2023-10-18T00:00:00,200000000,68026901,156504508
94,Dark Phoenix,2019-06-05T00:00:00,200000000,65845974,246356895
95,Wish,2023-11-22T00:00:00,200000000,63973821,240121302
96,Onward,2020-02-28T00:00:00,200000000,61555145,133357601
97,Napoleon,2023-11-22T00:00:00,200000000,61524375,217917156
98,Wonder Woman 1984,2020-12-16T00:00:00,200000000,46801036,166360232
99,Argylle,2024-01-31T00:00:00,200000000,45207275,96156956
100,Mulan,2020-09-04T00:00:00,200000000,0,69973540
101,The Tomorrow War,2021-07-02T00:00:00,200000000,0,19220000
102,The Gray Man,2022-07-13T00:00:00,200000000,0,451178
103,Transformers: Dark of the Moon,2011-06-29T00:00:00,195000000,352390543,1123794079
104,Transformers: Rise of the Beasts,2023-06-06T00:00:00,195000000,157341749,437944638
105,The Mummy,2017-06-02T00:00:00,195000000,80101125,409953905
106,Jack the Giant Slayer,2013-02-27T00:00:00,195000000,65187603,197687603
107,Furious 7,2015-04-01T00:00:00,190000000,353007020,1511986364
108,Dune: Part Two,2024-02-28T00:00:00,190000000,265090948,665190948
109,Star Trek Into Darkness,2013-05-16T00:00:00,190000000,228778661,467381584
110,World War Z,2013-06-19T00:00:00,190000000,202706711,531861650
111,The Great Gatsby,2013-05-10T00:00:00,190000000,144840419,353497733
112,Disney’s A Christmas Carol,2009-11-05T00:00:00,190000000,137855863,315709697
113,Pacific Rim,2013-07-11T00:00:00,190000000,101802906,411002906
114,The Matrix Resurrections,2021-12-16T00:00:00,190000000,40463197,159197755
115,The Good Dinosaur,2015-11-25T00:00:00,187500000,123087120,333771037
116,Iron Man,2008-05-02T00:00:00,186000000,318604126,585171547
117,The Dark Knight,2008-07-11T00:00:00,185000000,534235491,999240028
118,Indiana Jones and the Kingdom of the Crystal Skull,2008-05-22T00:00:00,185000000,317101119,786635413
119,Brave,2012-06-21T00:00:00,185000000,237282182,554606532
120,Kong: Skull Island,2017-02-23T00:00:00,185000000,168052812,561072059
121,Star Trek Beyond,2016-07-21T00:00:00,185000000,158848340,335673708
122,Maleficent: Mistress of Evil,2019-10-17T00:00:00,185000000,113929605,489181357
123,Blade Runner 2049,2017-09-29T00:00:00,185000000,92054159,257808759
124,Terminator: Dark Fate,2019-10-25T00:00:00,185000000,62253077,250367666
125,The Suicide Squad,2021-07-28T00:00:00,185000000,55817425,167097737
126,Aladdin,2019-05-22T00:00:00,182000000,355559216,1046587513
127,Thor: Ragnarok,2017-10-25T00:00:00,180000000,315058289,850482778
128,The Chronicles of Narnia: The Lion the Witch a…,2005-12-09T00:00:00,180000000,291710957,720539572
129,Maleficent,2014-05-28T00:00:00,180000000,241407328,758536735
130,Fantastic Beasts and Where to Find Them,2016-11-14T00:00:00,180000000,234037575,811724385
131,WALL-E,2008-06-27T00:00:00,180000000,223808164,532508025
132,Rush Hour 3,2007-08-10T00:00:00,180000000,140125968,256585882
133,The Legend of Tarzan,2016-06-27T00:00:00,180000000,126643061,348902025
134,Hugo,2011-11-23T00:00:00,180000000,73864507,180047784
135,Valerian and the City of a Thousand Planets,2017-07-20T00:00:00,180000000,40479370,215098356
136,Jupiter Ascending,2015-02-06T00:00:00,179000000,47482519,181982519
137,Mission: Impossible—Fallout,2018-07-16T00:00:00,178000000,220159104,786626183
138,X-Men: Apocalypse,2016-05-18T00:00:00,178000000,155442489,542537546
139,The Meg,2018-08-09T00:00:00,178000000,145443742,527267828
140,Edge of Tomorrow,2014-05-28T00:00:00,178000000,100206256,367028980
141,Captain Marvel,2019-03-06T00:00:00,175000000,426829839,1129576094
142,The Jungle Book,2016-04-07T00:00:00,175000000,364001123,953535821
143,Inside Out,2015-06-12T00:00:00,175000000,356461711,850566343
144,Spider-Man: Homecoming,2017-07-05T00:00:00,175000000,334201140,878271291
145,Suicide Squad,2016-08-02T00:00:00,175000000,325100054,745744980
146,Up,2009-05-28T00:00:00,175000000,293004164,731463377
147,Coco,2017-10-27T00:00:00,175000000,210460015,796514370
148,Ralph Breaks The Internet,2018-11-21T00:00:00,175000000,201091711,529290830
149,Monsters vs. Aliens,2009-03-27T00:00:00,175000000,198351526,381687380
150,Cars 3,2017-06-16T00:00:00,175000000,152901115,383541369
151,G.I. Joe: The Rise of Cobra,2009-08-07T00:00:00,175000000,150201498,302469017
152,Wild Wild West,1999-06-30T00:00:00,175000000,113805681,221229335
153,The Mummy: Tomb of the Dragon Emperor,2008-08-01T00:00:00,175000000,102491776,405760225
154,Evan Almighty,2007-06-22T00:00:00,175000000,100289690,174131329
155,Waterworld,1995-07-28T00:00:00,175000000,88246220,264246220
156,Dolittle,2020-01-08T00:00:00,175000000,77047065,251509294
157,King Arthur: Legend of the Sword,2017-05-11T00:00:00,175000000,39175066,139630336
158,47 Ronin,2013-12-06T00:00:00,175000000,38362475,151716815
159,Turning Red,2022-03-10T00:00:00,175000000,1399001,12271142
160,Top Gun: Maverick,2022-05-20T00:00:00,170000000,718732821,1467987219
161,Jurassic World: Fallen Kingdom,2018-06-06T00:00:00,170000000,417719760,1308323302
162,Guardians of the Galaxy,2014-07-31T00:00:00,170000000,333714112,770882395
163,Iron Man 2,2010-05-07T00:00:00,170000000,312433331,621156389
164,Captain America: The Winter Soldier,2014-03-28T00:00:00,170000000,259746958,714401889
165,Dawn of the Planet of the Apes,2014-07-09T00:00:00,170000000,208545589,710644566
166,The Polar Express,2004-11-10T00:00:00,170000000,188042855,312183437
167,Snow White and the Huntsman,2012-05-30T00:00:00,170000000,155136755,401021746
168,Terminator 3: Rise of the Machines,2003-07-01T00:00:00,170000000,150358296,433058296
169,Van Helsing,2004-05-05T00:00:00,170000000,120150546,300150546
170,Dumbo,2019-03-27T00:00:00,170000000,114766307,353166307
171,Godzilla: King of the Monsters,2019-05-29T00:00:00,170000000,110500138,383299914
172,Tomorrowland,2015-05-20T00:00:00,170000000,93436322,206627518
173,Alita: Battle Angel,2019-02-01T00:00:00,170000000,85838210,401900040
174,Alice Through the Looking Glass,2016-05-20T00:00:00,170000000,77042381,276928112
175,Jurassic World: Dominion,2022-06-01T00:00:00,165000000,376851080,1004004592
176,Shrek Forever After,2010-05-21T00:00:00,165000000,238736787,756244673
177,Doctor Strange,2016-10-24T00:00:00,165000000,232641920,676343174
178,Big Hero 6,2014-10-25T00:00:00,165000000,222527828,647263005
179,How to Train Your Dragon,2010-03-26T00:00:00,165000000,217581232,494870992
180,Wreck-It Ralph,2012-11-01T00:00:00,165000000,189412677,496511521
181,Interstellar,2014-11-05T00:00:00,165000000,188017894,647051282
182,Dune,2021-09-15T00:00:00,165000000,109987830,431131509
183,Independence Day: Resurgence,2016-06-22T00:00:00,165000000,103144286,384169424
184,Cowboys and Aliens,2011-07-29T00:00:00,163000000,100368560,176038324
185,Beauty and the Beast,2017-03-16T00:00:00,160000000,504014165,1268697483
186,Spider-Man: Far From Home,2019-06-27T00:00:00,160000000,390532085,1132107522
187,Aquaman,2018-12-06T00:00:00,160000000,335061807,1131849702
188,Shrek the Third,2007-05-17T00:00:00,160000000,322719944,807330936
189,Inception,2010-07-16T00:00:00,160000000,292576195,825793570
190,The Hunger Games: Mockingjay - Part 2,2015-11-18T00:00:00,160000000,281723902,646219954
191,Fast and Furious 6,2013-05-17T00:00:00,160000000,238679850,789300444
192,Godzilla,2014-05-14T00:00:00,160000000,200676069,529076069
193,X-Men: First Class,2011-06-03T00:00:00,160000000,146408305,355408305
194,The Curious Case of Benjamin Button,2008-12-25T00:00:00,160000000,127509326,329631958
195,The Sorcerer's Apprentice,2010-07-14T00:00:00,160000000,63150991,217986320
196,Poseidon,2006-05-12T00:00:00,160000000,60674817,181674817
197,Warcraft,2016-05-25T00:00:00,160000000,47365290,438899824
198,The Irishman,2019-11-01T00:00:00,159000000,0,914706
199,Haunted Mansion,2023-07-26T00:00:00,157750000,67653287,114797989
200,Deepwater Horizon,2016-09-29T00:00:00,156000000,61433527,122359309
201,The Chronicles of Narnia: The Voyage of the Daw…,2010-12-10T00:00:00,155000000,104386950,418186950
202,Godzilla vs. Kong,2021-03-25T00:00:00,155000000,100916094,450063074
203,Terminator: Genisys,2015-06-24T00:00:00,155000000,89760956,432150894
204,Pacific Rim: Uprising,2018-03-16T00:00:00,155000000,59874525,290930148
205,Alexander,2004-11-24T00:00:00,155000000,34297191,167297191
206,War for the Planet of the Apes,2017-07-14T00:00:00,152000000,146880162,489592267
207,Pearl Harbor,2001-05-25T00:00:00,151500000,198539855,449239853
208,Barbie,2023-07-19T00:00:00,151000000,636238421,1433432829
209,Transformers,2007-06-28T00:00:00,151000000,319246193,708272592
210,Frozen II,2019-11-20T00:00:00,150000000,477373578,1451653316
211,Wonder Woman,2017-05-29T00:00:00,150000000,412563408,817691766
212,Frozen,2013-11-22T00:00:00,150000000,400953009,1274382528
213,Zootopia,2016-02-10T00:00:00,150000000,341268248,1002462578
214,Harry Potter and the Order of the Phoenix,2007-07-11T00:00:00,150000000,292137260,937034773
215,Harry Potter and the Goblet of Fire,2005-11-18T00:00:00,150000000,290201752,885222986
216,The Matrix Reloaded,2003-05-15T00:00:00,150000000,281553689,738576929
217,I am Legend,2007-12-14T00:00:00,150000000,256393010,585532684
218,Moana,2016-01-27T00:00:00,150000000,248757044,687228908
219,Hancock,2008-07-01T00:00:00,150000000,227946274,624234272
220,Shang-Chi and the Legend of the Ten Rings,2021-09-01T00:00:00,150000000,224543292,432224634
221,Charlie and the Chocolate Factory,2005-07-15T00:00:00,150000000,206459076,475825484
222,Ratatouille,2007-06-29T00:00:00,150000000,206445654,626549695
223,Thor: The Dark World,2013-10-30T00:00:00,150000000,206362140,644602516
224,Batman Begins,2005-06-15T00:00:00,150000000,205343774,356770593
225,Mission: Impossible—Rogue Nation,2015-07-29T00:00:00,150000000,195042377,688858992
226,Dunkirk,2017-07-18T00:00:00,150000000,190068280,512390011
227,Thor,2011-04-29T00:00:00,150000000,181030624,449326618
228,Madagascar: Escape 2 Africa,2008-11-07T00:00:00,150000000,180174880,599680774
229,X-Men Origins: Wolverine,2009-05-01T00:00:00,150000000,179883157,374825760
230,Night at the Museum: Battle of the Smithsonian,2009-05-22T00:00:00,150000000,177243721,402231063
231,Kung Fu Panda 2,2011-05-26T00:00:00,150000000,165249063,664837547
232,Mad Max: Fury Road,2015-05-14T00:00:00,150000000,153636354,369873869
233,Pokémon: Detective Pikachu,2019-05-03T00:00:00,150000000,144105346,428919826
234,The Matrix Revolutions,2003-11-05T00:00:00,150000000,139270910,427300260
235,Ready Player One,2018-03-20T00:00:00,150000000,137690172,579055653
236,Chicken Little,2005-11-04T00:00:00,150000000,135386665,310043823
237,Mission: Impossible III,2006-05-05T00:00:00,150000000,133501348,399387745
238,Angels & Demons,2009-05-15T00:00:00,150000000,133375846,490875846
239,Troy,2004-05-13T00:00:00,150000000,133298577,483152040
240,The Last Airbender,2010-07-01T00:00:00,150000000,131772187,319713881
241,Bee Movie,2007-11-02T00:00:00,150000000,126631277,287594577
242,G-Force,2009-07-24T00:00:00,150000000,119436770,292817841
243,Bolt,2008-11-21T00:00:00,150000000,114053579,328015029
244,Encanto,2021-11-24T00:00:00,150000000,96093622,231041599
245,Dungeons & Dragons: Honor Among Thieves,2023-03-02T00:00:00,150000000,93549650,207854947
246,Wrath of the Titans,2012-03-28T00:00:00,150000000,83670083,305270083
247,Beowulf,2007-11-16T00:00:00,150000000,82280579,195080579
248,Dark Shadows,2012-05-09T00:00:00,150000000,79727149,245564215
249,White House Down,2013-06-28T00:00:00,150000000,73103784,205440387
250,Space Jam: A New Legacy,2021-07-14T00:00:00,150000000,70592228,143187374
251,The Wolfman,2010-02-12T00:00:00,150000000,62189884,142634358
252,The Great Wall,2016-12-15T00:00:00,150000000,45157105,334486852
253,Pan,2015-09-25T00:00:00,150000000,35088320,151525973
254,Mars Needs Moms,2011-03-11T00:00:00,150000000,21392758,39549758
255,Moonfall,2022-02-03T00:00:00,150000000,19060660,59053195
256,Red Notice,2021-11-04T00:00:00,150000000,0,173638
257,6 Underground,2019-12-13T00:00:00,150000000,0,0
258,Flushed Away,2006-11-03T00:00:00,149000000,64665672,179357126
259,Madagascar 3: Europe's Most Wanted,2012-06-08T00:00:00,145000000,216391482,746921271
260,Mission: Impossible—Ghost Protocol,2011-12-14T00:00:00,145000000,209397903,694713230
261,How to Train Your Dragon 2,2014-06-05T00:00:00,145000000,177002924,614586270
262,Tarzan,1999-06-16T00:00:00,145000000,171091819,448191819
263,Mr. Peabody & Sherman,2014-02-20T00:00:00,145000000,111506430,269806430
264,Rise of the Guardians,2012-11-20T00:00:00,145000000,103412758,306941670
265,Sahara,2005-04-08T00:00:00,145000000,68671925,121645390
266,Ghostbusters,2016-07-13T00:00:00,144000000,128350574,229008658
267,Die Another Day,2002-11-22T00:00:00,142000000,160942139,431942139
268,Pirates of the Caribbean: The Curse of the Blac…,2003-07-09T00:00:00,140000000,305410819,654310819
269,Star Trek,2009-05-08T00:00:00,140000000,257730019,386839614
270,Armageddon,1998-07-01T00:00:00,140000000,201578182,554600000
271,Men in Black 2,2002-07-03T00:00:00,140000000,190418803,441767803
272,Captain America: The First Avenger,2011-07-22T00:00:00,140000000,176654505,370569776
273,Kung Fu Panda 3,2016-01-23T00:00:00,140000000,143528619,506124167
274,Lethal Weapon 4,1998-07-10T00:00:00,140000000,130444603,285400000
275,G.I. Joe: Retaliation,2013-03-27T00:00:00,140000000,122523060,375740705
276,The Last Samurai,2003-12-05T00:00:00,140000000,111110575,456810575
277,Fun with Dick & Jane,2005-12-21T00:00:00,140000000,110550000,203018919
278,Exodus: Gods and Kings,2014-12-05T00:00:00,140000000,65014513,268314513
279,The BFG,2016-06-30T00:00:00,140000000,55483770,199646680
280,Gemini Man,2019-10-03T00:00:00,140000000,48546770,166598362
281,Gods of Egypt,2016-02-24T00:00:00,140000000,31153464,138836756
283,Spider-Man,2002-05-03T00:00:00,139000000,403706375,821706375
284,Watchmen,2009-03-06T00:00:00,138000000,107509799,186976250
285,Stealth,2005-07-29T00:00:00,138000000,32116746,76416746
286,The Incredible Hulk,2008-06-13T00:00:00,137500000,134806913,265573859
287,Hulk,2003-06-20T00:00:00,137000000,132177234,245031679
288,Final Fantasy: The Spirits Within,2001-07-11T00:00:00,137000000,32131830,85131830
289,The Twilight Saga: Breaking Dawn Part 2,2012-11-14T00:00:00,136200000,292324737,829724737
290,The Croods,2013-03-15T00:00:00,135000000,187168425,573068425
291,The Revenant,2015-12-25T00:00:00,135000000,183637894,532938302
292,Godzilla x Kong: The New Empire,2024-03-27T00:00:00,135000000,134540989,361040989
293,The World is Not Enough,1999-11-19T00:00:00,135000000,126930660,361730660
294,Rango,2011-03-04T00:00:00,135000000,123477607,245724600
295,Master and Commander: The Far Side of the World,2003-11-14T00:00:00,135000000,93926386,212912137
296,Turbo,2013-07-17T00:00:00,135000000,83028130,286896578
297,Teenage Mutant Ninja Turtles: Out of the Shadows,2016-06-02T00:00:00,135000000,82051601,245328374
298,Happy Feet Two,2011-11-18T00:00:00,135000000,64006466,157956462
299,Miami Vice,2006-07-28T00:00:00,135000000,63478838,164920076
300,Strange World,2022-11-22T00:00:00,135000000,39089002,70699728
301,The Nutcracker and the Four Realms,2018-10-31T00:00:00,132900000,54858851,170024300
302,War of the Worlds,2005-06-24T00:00:00,132000000,234280354,606836535
303,Penguins of Madagascar,2014-11-26T00:00:00,132000000,83350911,366942531
304,The Hunger Games: Catching Fire,2013-11-15T00:00:00,130000000,424668047,864808014
305,Harry Potter and the Prisoner of Azkaban,2004-05-31T00:00:00,130000000,249757726,783221274
306,The Bourne Ultimatum,2007-08-03T00:00:00,130000000,227471070,444043396
307,Ant-Man and the Wasp,2018-07-03T00:00:00,130000000,216648740,623144660
308,Kung Fu Panda,2008-06-06T00:00:00,130000000,215434591,631910531
309,Ant-Man,2015-07-14T00:00:00,130000000,180202163,518858449
310,Home,2015-03-19T00:00:00,130000000,177397510,385997896
311,Mary Poppins Returns,2018-12-19T00:00:00,130000000,171958438,348901032
312,Puss in Boots,2011-10-28T00:00:00,130000000,149260504,554987477
313,Megamind,2010-11-05T00:00:00,130000000,148415853,321887208
314,Bad Boys II,2003-07-18T00:00:00,130000000,138540870,273271982
315,Rio 2,2014-03-20T00:00:00,130000000,131538435,492846291
316,Salt,2010-07-23T00:00:00,130000000,118311368,290650494
317,Noah,2014-03-27T00:00:00,130000000,101200044,352831065
318,The Adventures of Tintin,2011-10-28T00:00:00,130000000,77591831,373993951
319,After Earth,2013-05-31T00:00:00,130000000,60522097,251499665
320,Australia,2008-11-26T00:00:00,130000000,49554002,215080810
321,R.I.P.D.,2013-07-19T00:00:00,130000000,33618855,79076678
322,How to Train Your Dragon: The Hidden World,2019-01-03T00:00:00,129000000,160799505,521595422
323,Meg 2: The Trench,2023-07-29T00:00:00,129000000,82633033,394299160
324,The Twilight Saga: Breaking Dawn Part 1,2011-11-18T00:00:00,127500000,281287133,684436752
325,Dinosaur,2000-05-19T00:00:00,127500000,137748063,356148063
326,Logan,2017-02-23T00:00:00,127000000,226277068,614202315
327,Night at the Museum: Secret of the Tomb,2014-12-18T00:00:00,127000000,113746621,353756621
328,Harry Potter and the Deathly Hallows: Part II,2011-07-13T00:00:00,125000000,381193157,1312443850
329,The Hunger Games: Mockingjay - Part 1,2014-11-19T00:00:00,125000000,337135885,766575131
330,Harry Potter and the Sorcerer’s Stone,2001-11-15T00:00:00,125000000,317871467,963642575
331,Jumanji: The Next Level,2019-12-04T00:00:00,125000000,316831246,795356912
332,Harry Potter and the Deathly Hallows: Part I,2010-11-17T00:00:00,125000000,296837581,944256548
333,Wonka,2023-12-06T00:00:00,125000000,218402312,631058526
334,The Da Vinci Code,2006-05-19T00:00:00,125000000,217536138,767820459
335,X-Men 2,2003-04-30T00:00:00,125000000,214949694,406348630
336,Fast Five,2011-04-21T00:00:00,125000000,210031325,629975898
337,Teenage Mutant Ninja Turtles,2014-08-08T00:00:00,125000000,191204754,485004754
338,Sherlock Holmes: A Game of Shadows,2011-12-16T00:00:00,125000000,186848418,535663443
339,The Day After Tomorrow,2004-05-27T00:00:00,125000000,186740799,555840117
340,The Boss Baby,2017-03-17T00:00:00,125000000,175003033,527909949
341,Clash of the Titans,2010-04-01T00:00:00,125000000,163214888,493214888
342,Trolls,2016-10-12T00:00:00,125000000,153856089,342831709
343,Godzilla,1998-05-19T00:00:00,125000000,136314294,376000000
344,Prometheus,2012-05-30T00:00:00,125000000,126477084,402448265
345,The Bourne Legacy,2012-08-10T00:00:00,125000000,113203870,280355920
346,Batman & Robin,1997-06-20T00:00:00,125000000,107325195,238317814
347,Skyscraper,2018-07-05T00:00:00,125000000,68420120,304858121
348,The Call of the Wild,2020-01-03T00:00:00,125000000,62342368,107351191
349,Total Recall,2012-08-03T00:00:00,125000000,58877969,211856088
350,Shazam! Fury of the Gods,2023-03-15T00:00:00,125000000,57721819,132276175
351,Assassin’s Creed,2016-12-21T00:00:00,125000000,54647948,240759682
352,Monster Trucks,2016-12-29T00:00:00,125000000,33370166,61642798
353,The 13th Warrior,1999-08-27T00:00:00,125000000,32698899,61698899
354,The Fall Guy,2024-03-01T00:00:00,125000000,0,0
355,How the Grinch Stole Christmas,2000-11-17T00:00:00,123000000,261939550,347036128
356,Mission: Impossible 2,2000-05-24T00:00:00,120000000,215409889,549588516
357,The Perfect Storm,2000-06-30T00:00:00,120000000,182618434,328711434
358,Jason Bourne,2016-07-20T00:00:00,120000000,162192920,416168316
359,Uncharted,2022-02-10T00:00:00,120000000,148648820,400689914
360,Fantastic Four: Rise of the Silver Surfer,2007-06-15T00:00:00,120000000,131921738,289480691
361,Life of Pi,2012-11-21T00:00:00,120000000,124987022,619310368
362,Ghost Rider,2007-02-16T00:00:00,120000000,115802596,229545589
363,Rampage,2018-04-09T00:00:00,120000000,101028233,427947217
364,Charlie's Angels: Full Throttle,2003-06-27T00:00:00,120000000,100814328,227163273
365,Elysium,2013-08-09T00:00:00,120000000,93050117,286192091
366,Oblivion,2013-04-19T00:00:00,120000000,89107235,287916633
367,Power Rangers,2017-03-24T00:00:00,120000000,85364450,142531552
368,Blue Beetle,2023-08-16T00:00:00,120000000,72541501,128777017
369,Stuart Little 2,2002-07-19T00:00:00,120000000,64956806,166000000
370,RoboCop,2014-02-12T00:00:00,120000000,58607007,242981799
371,The Chronicles of Riddick,2004-06-11T00:00:00,120000000,57712751,107212751
372,The Fantastic Four,2015-08-05T00:00:00,120000000,56117548,167849187
373,Speed Racer,2008-05-09T00:00:00,120000000,43945766,93394462
374,The Island,2005-07-22T00:00:00,120000000,35818913,163018913
375,How Do You Know?,2010-12-17T00:00:00,120000000,30212620,49628177
376,Outlaw King,2018-11-09T00:00:00,120000000,0,0
377,Emancipation,2022-12-02T00:00:00,120000000,0,0
378,Knight and Day,2010-06-23T00:00:00,117000000,76423035,258751370
379,Tang Ren Jie Tan An 3,2021-01-25T00:00:00,117000000,0,630313300
380,Venom,2018-10-02T00:00:00,116000000,213511408,856081053
381,Star Wars Ep. I: The Phantom Menace,1999-05-19T00:00:00,115000000,474544677,1027044677
382,Star Wars Ep. III: Revenge of the Sith,2005-05-19T00:00:00,115000000,380270577,848998877
383,Star Wars Ep. II: Attack of the Clones,2002-05-16T00:00:00,115000000,310676740,656695615
384,Monsters Inc.,2001-11-02T00:00:00,115000000,290149425,560483719
385,The Wolverine,2013-07-26T00:00:00,115000000,132556852,416456852
386,Dante’s Peak,1997-02-07T00:00:00,115000000,67163857,178200000
387,The Huntsman: Winter’s War,2016-04-06T00:00:00,115000000,48003015,165149302
388,Windtalkers,2002-06-14T00:00:00,115000000,40914068,77628265
389,Triple Frontier,2019-03-06T00:00:00,115000000,0,0
390,Astérix aux Jeux Olympiques,2008-07-04T00:00:00,113500000,999811,132999811
391,Gulliver's Travels,2010-12-24T00:00:00,112000000,42779261,232017848
392,Ferdinand,2017-12-08T00:00:00,111000000,84410380,307491645
393,Deadpool 2,2018-05-11T00:00:00,110000000,324591735,786362370
394,Gravity,2013-10-03T00:00:00,110000000,274092705,684657731
395,Night at the Museum,2006-12-22T00:00:00,110000000,250863268,579446407
396,Venom: Let There be Carnage,2021-09-30T00:00:00,110000000,213550366,501546922
397,Mr. and Mrs. Smith,2005-06-10T00:00:00,110000000,186336279,486124090
398,San Andreas,2015-05-27T00:00:00,110000000,155190832,456258539
399,The Smurfs,2011-07-29T00:00:00,110000000,142614158,563749323
400,Live Free or Die Hard,2007-06-27T00:00:00,110000000,134529403,382288147
401,The Divergent Series: Insurgent,2015-03-18T00:00:00,110000000,130179072,295075882
402,Ocean's Twelve,2004-12-10T00:00:00,110000000,125531634,362989076
403,Tomorrow Never Dies,1997-12-19T00:00:00,110000000,125304276,339504276
404,The Patriot,2000-06-28T00:00:00,110000000,113330342,215300000
405,300: Rise of an Empire,2014-03-07T00:00:00,110000000,106580051,330780051
406,The Aviator,2004-12-17T00:00:00,110000000,102608827,208370892
407,Passengers,2016-12-21T00:00:00,110000000,100014699,302239672
408,The Green Hornet,2011-01-14T00:00:00,110000000,98780042,229155503
409,Miss Peregrine’s Home for Peculiar Children,2016-09-21T00:00:00,110000000,87242834,295986876
410,Real Steel,2011-10-07T00:00:00,110000000,85463309,263880341
411,Men in Black: International,2019-06-12T00:00:00,110000000,80001807,254310003
412,The A-Team,2010-06-11T00:00:00,110000000,77222099,177241171
413,The Smurfs 2,2013-07-31T00:00:00,110000000,71017784,348547523
414,The Divergent Series: Allegiant,2016-03-09T00:00:00,110000000,66184051,172022517
415,The Taking of Pelham 123,2009-06-12T00:00:00,110000000,65452312,152364370
416,Ender’s Game,2013-10-25T00:00:00,110000000,61737191,127983283
417,Home on the Range,2004-04-02T00:00:00,110000000,50026353,76482461
418,Speed 2: Cruise Control,1997-01-01T00:00:00,110000000,48097081,150468000
419,Kingdom of Heaven,2005-05-06T00:00:00,110000000,47398413,218674938
420,Ghost in the Shell,2017-03-23T00:00:00,110000000,40563557,167910690
421,Around the World in 80 Days,2004-06-16T00:00:00,110000000,24004159,72004159
422,Babylon,2022-12-23T00:00:00,110000000,16596054,64474137
423,Dr. Seuss’ The Cat in the Hat,2003-11-21T00:00:00,109000000,101018283,133818283
424,Ali,2001-12-25T00:00:00,109000000,58183966,87683966
425,The Martian,2015-09-30T00:00:00,108000000,228433663,653609107
426,Allied,2016-11-20T00:00:00,106000000,40098064,119266661
427,I Robot,2004-07-16T00:00:00,105000000,144801023,348629585
428,Stuart Little,1999-12-17T00:00:00,105000000,140015224,298815224
429,The Princess and the Frog,2009-11-25T00:00:00,105000000,104400899,270997378
430,10000 B.C.,2008-03-07T00:00:00,105000000,94784201,269065678
431,Ice Age: Collision Course,2016-07-01T00:00:00,105000000,64063008,402156682
432,Starship Troopers,1997-11-07T00:00:00,105000000,54768952,121100000
433,Town & Country,2001-04-27T00:00:00,105000000,6712451,10364769
434,Kingsman: The Golden Circle,2017-09-19T00:00:00,104000000,100234838,408803696
435,Gone in 60 Seconds,2000-06-09T00:00:00,103300000,101643008,232643008
436,Gladiator,2000-05-04T00:00:00,103000000,187683805,451683599
437,The Hangover 3,2013-05-23T00:00:00,103000000,112200072,362000072
438,A Wrinkle in Time,2018-03-09T00:00:00,103000000,100478608,133214549
439,Public Enemies,2009-07-01T00:00:00,102500000,97104620,212282709
440,Casino Royale,2006-11-17T00:00:00,102000000,167365000,594420216
441,Minority Report,2002-06-21T00:00:00,102000000,132024714,358824714
442,Bumblebee,2018-12-13T00:00:00,102000000,127195589,465195589
443,Cloud Atlas,2012-10-26T00:00:00,102000000,27108272,130673154
444,The Super Mario Bros. Movie,2023-04-04T00:00:00,100000000,574934330,1361654730
445,Spider-Man: Across the Spider-Verse,2023-05-31T00:00:00,100000000,381593754,681545031
446,Oppenheimer,2023-07-19T00:00:00,100000000,329862540,969992295
447,Harry Potter and the Chamber of Secrets,2002-11-15T00:00:00,100000000,262233381,874954228
448,Terminator 2: Judgment Day,1991-07-02T00:00:00,100000000,203464105,515361524
449,John Wick: Chapter 4,2023-03-22T00:00:00,100000000,187131806,432474706
450,Batman Forever,1995-06-16T00:00:00,100000000,184031112,336529144
451,Planet of the Apes,2001-07-27T00:00:00,100000000,180011740,362211740
452,National Treasure,2004-11-19T00:00:00,100000000,173005002,331323410
453,The Hunger Games: The Ballad of Songbirds & Snakes,2023-11-15T00:00:00,100000000,166350594,327338136
454,Django Unchained,2012-12-25T00:00:00,100000000,162805434,449841566
455,1917,2019-12-25T00:00:00,100000000,159227644,389140440
456,Little Fockers,2010-12-22T00:00:00,100000000,148438600,310650574
457,True Lies,1994-07-15T00:00:00,100000000,146282411,365300000
458,American Gangster,2007-11-02T00:00:00,100000000,130164645,267985456
459,Cloudy with a Chance of Meatballs,2009-09-18T00:00:00,100000000,124870275,236827677
460,The Other Guys,2010-08-06T00:00:00,100000000,119219978,170936470
461,Lemony Snicket's A Series of Unfortunate Events,2004-12-17T00:00:00,100000000,118627117,212956024
462,The Wolf of Wall Street,2013-12-25T00:00:00,100000000,116949183,389816136
463,Epic,2013-05-24T00:00:00,100000000,107518682,262794441
464,Eraser,1996-06-21T00:00:00,100000000,101295562,234400000
465,The Hunchback of Notre Dame,1996-06-21T00:00:00,100000000,100138851,325500000
466,The Emperor's New Groove,2000-12-15T00:00:00,100000000,89630573,169630573
467,Ghostbusters: Frozen Empire,2024-03-20T00:00:00,100000000,88866862,138166862
468,The Expendables 2,2012-08-15T00:00:00,100000000,85028192,311979256
469,Where the Wild Things Are,2009-10-16T00:00:00,100000000,77233467,99123656
470,Eragon,2006-12-15T00:00:00,100000000,75030163,249488115
471,Hercules,2014-07-23T00:00:00,100000000,72688614,243388614
472,The Tourist,2010-12-10T00:00:00,100000000,67631157,278731369
473,End of Days,1999-11-24T00:00:00,100000000,66889043,212026975
474,Spies in Disguise,2019-12-25T00:00:00,100000000,66757013,165124093
475,The Stepford Wives,2004-06-11T00:00:00,100000000,59475623,96150482
476,Surf’s Up,2007-06-08T00:00:00,100000000,58867694,145395745
477,Blood Diamond,2006-12-08T00:00:00,100000000,57377916,171377916
478,Midway,2019-11-07T00:00:00,100000000,56846802,126815030
479,Legend of the Guardians: The Owls of Ga'Hoole,2010-09-24T00:00:00,100000000,55675313,139716717
480,The Deep,1977-06-17T00:00:00,100000000,50681884,50681884
481,Land of the Lost,2009-06-05T00:00:00,100000000,49438370,69548641
482,Peter Pan,2003-12-18T00:00:00,100000000,48417850,95255485
483,Wonder Park,2019-03-15T00:00:00,100000000,45216793,115103325
484,Catwoman,2004-07-23T00:00:00,100000000,40202379,82078046
485,The Expendables 3,2014-08-14T00:00:00,100000000,39322544,209461378
486,West Side Story,2021-12-08T00:00:00,100000000,38530322,74826329
487,Treasure Planet,2002-11-27T00:00:00,100000000,38120554,91800000
488,The King’s Man,2021-12-22T00:00:00,100000000,37176373,121125300
489,Green Zone,2010-03-12T00:00:00,100000000,35497337,97523020
490,Geostorm,2017-10-13T00:00:00,100000000,33700160,220796009
491,Point Break,2015-12-02T00:00:00,100000000,28782481,126704591
492,Cats,2019-12-17T00:00:00,100000000,27166770,75323946
493,In the Heart of the Sea,2015-11-26T00:00:00,100000000,25020758,89693309
494,Transcendence,2014-04-18T00:00:00,100000000,23022309,103039258
495,Son of the Mask,2005-02-18T00:00:00,100000000,17018422,59918422
496,Expend4bles,2023-09-15T00:00:00,100000000,16710153,51133603
497,Mortal Engines,2018-12-05T00:00:00,100000000,15951040,85481904
498,Chaos Walking,2021-02-03T00:00:00,100000000,13287908,27072169
499,The Last Duel,2021-10-13T00:00:00,100000000,10853945,30080003
500,The Adventures of Pluto Nash,2002-08-16T00:00:00,100000000,4411102,7094995
501,Jin líng shí san chai,2012-01-20T00:00:00,100000000,311434,98227017
502,The Midnight Sky,2020-12-09T00:00:00,100000000,0,75615
503,Artemis Fowl,2020-06-12T00:00:00,100000000,0,0
504,The Peanuts Movie,2015-11-05T00:00:00,99000000,130178411,250091610
505,The LEGO Movie 2: The Second Part,2019-02-06T00:00:00,99000000,105806508,190131035
506,Robin Hood,2018-11-21T00:00:00,99000000,30824628,85210012
507,The Mummy Returns,2001-05-04T00:00:00,98000000,202007640,435040395
508,Ford v. Ferrari,2019-11-14T00:00:00,97600000,117624357,224390706
509,Gangs of New York,2002-12-20T00:00:00,97000000,77730500,183124621
510,Alien: Covenant,2017-05-04T00:00:00,97000000,74262031,238521247
511,Cinderella,2015-03-06T00:00:00,95000000,201151353,542351353
512,Ice Age: Continental Drift,2012-06-27T00:00:00,95000000,161321843,879765137
513,Black Hawk Down,2001-12-28T00:00:00,95000000,108638745,159691085
514,Trolls Band Together,2023-10-12T00:00:00,95000000,102996915,209580296
515,Sex and the City 2,2010-05-27T00:00:00,95000000,95347692,294680778
516,Percy Jackson & the Olympians: The Lightning Thief,2010-02-12T00:00:00,95000000,88768303,223050874
517,The Campaign,2012-08-10T00:00:00,95000000,86907746,104907746
518,Unstoppable,2010-11-12T00:00:00,95000000,81562942,165720921
519,The Fifth Element,1997-05-09T00:00:00,95000000,63570862,263892820
520,The Road to El Dorado,2000-03-31T00:00:00,95000000,50802661,65700000
521,The Lovely Bones,2009-12-11T00:00:00,95000000,44114232,94894448
522,Ben-Hur,2016-06-30T00:00:00,95000000,26410477,91669648
523,Ferrari,2023-12-14T00:00:00,95000000,18550030,40712490
524,Seventh Son,2014-12-19T00:00:00,95000000,17725785,108874967
525,Finding Nemo,2003-05-30T00:00:00,94000000,380529370,936094852
526,The Lord of the Rings: The Return of the King,2003-12-17T00:00:00,94000000,379021990,1121386981
527,The Lord of the Rings: The Two Towers,2002-12-18T00:00:00,94000000,342548984,919148764
528,Lara Croft: Tomb Raider,2001-06-15T00:00:00,94000000,131144183,273330185
529,Kingsman: The Secret Service,2015-01-29T00:00:00,94000000,128261724,404561724
530,The Lord of the Rings: The Fellowship of the Ring,2001-12-19T00:00:00,93000000,315544750,891210039
531,Jurassic Park III,2001-07-18T00:00:00,93000000,181166115,365900000
532,Rise of the Planet of the Apes,2011-08-05T00:00:00,93000000,176760185,470986200
533,The Spiderwick Chronicles,2008-02-14T00:00:00,92500000,71195053,162839667
534,The Incredibles,2004-10-22T00:00:00,92000000,261441092,631441092
535,A Good Day to Die Hard,2013-02-06T00:00:00,92000000,67349198,304249198
536,The Alamo,2004-04-09T00:00:00,92000000,22406362,23911362
537,Cutthroat Island,1995-12-22T00:00:00,92000000,10017322,18517322
538,The Secret Life of Walter Mitty,2013-12-19T00:00:00,91000000,58236838,187861183
539,Jumanji: Welcome to the Jungle,2017-12-20T00:00:00,90000000,404508916,961632807
540,Men in Black,1997-07-01T00:00:00,90000000,250690539,587790539
541,Toy Story 2,1999-11-19T00:00:00,90000000,245852179,511358276
542,Rush Hour 2,2001-08-03T00:00:00,90000000,226164286,347425832
543,Sherlock Holmes,2009-12-25T00:00:00,90000000,209028679,498438212
544,Bad Boys For Life,2020-01-15T00:00:00,90000000,204417855,424471663
545,Ice Age: Dawn of the Dinosaurs,2009-07-01T00:00:00,90000000,196573705,886686817
546,Sonic the Hedgehog 2,2022-03-30T00:00:00,90000000,190872904,405154426
547,Spider-Man: Into The Spider-Verse 3D,2018-12-12T00:00:00,90000000,190173195,375464627
548,Puss in Boots: The Last Wish,2022-12-02T00:00:00,90000000,186090535,485261411
549,What Lies Beneath,2000-07-21T00:00:00,90000000,155464351,288693989
550,Sonic The Hedgehog,2020-02-13T00:00:00,90000000,146066470,302536124
551,Rio,2011-04-07T00:00:00,90000000,143619809,487517241
552,Once Upon a Time…in Hollywood,2019-07-24T00:00:00,90000000,142502728,377426903
553,The Departed,2006-10-06T00:00:00,90000000,132384315,289660619
554,Charlie's Angels,2000-11-03T00:00:00,90000000,125305545,259736090
555,Mulan,1998-06-19T00:00:00,90000000,120620254,303500000
556,Tropic Thunder,2008-08-13T00:00:00,90000000,110515313,191145256
557,The Girl with the Dragon Tattoo,2011-12-20T00:00:00,90000000,102515793,239373970
558,Contact,1997-07-11T00:00:00,90000000,100920329,165900000
559,You Don't Mess With the Zohan,2008-06-06T00:00:00,90000000,100018837,202910991
560,Die Hard: With a Vengeance,1995-05-19T00:00:00,90000000,100012499,366101666
561,DC League of Super Pets,2022-07-27T00:00:00,90000000,93657117,203891589
562,The Magnificent Seven,2016-09-12T00:00:00,90000000,93432655,162122642
563,Alvin and the Chipmunks: The Road Chip,2015-12-18T00:00:00,90000000,85886987,249517956
564,Atlantis: The Lost Empire,2001-06-08T00:00:00,90000000,84052762,186049020
565,Valkyrie,2008-12-25T00:00:00,90000000,83107829,203932174
566,Pixels,2015-07-16T00:00:00,90000000,78765986,244041804
567,Artificial Intelligence: AI,2001-06-29T00:00:00,90000000,78616689,235900000
568,The Haunted Mansion,2003-11-26T00:00:00,90000000,75817994,155750628
569,Hollow Man,2000-08-04T00:00:00,90000000,73209340,191200000
570,The Interpreter,2005-04-22T00:00:00,90000000,72708161,162753837
571,Percy Jackson: Sea of Monsters,2013-08-07T00:00:00,90000000,68559554,200859554
572,Lara Croft: Tomb Raider: The Cradle of Life,2003-07-25T00:00:00,90000000,65653758,157092943
573,Now You See Me 2,2016-05-27T00:00:00,90000000,65075540,328325007
574,Spy Game,2001-11-21T00:00:00,90000000,62362560,143049560
575,The Saint,1997-04-04T00:00:00,90000000,61363304,169400000
576,Mission to Mars,2000-03-10T00:00:00,90000000,60874615,106000000
577,Tomb Raider,2018-03-06T00:00:00,90000000,58250803,273477501
578,Bicentennial Man,1999-12-17T00:00:00,90000000,58220776,87420776
579,King Arthur,2004-07-07T00:00:00,90000000,51877963,203653524
580,Volcano,1997-04-25T00:00:00,90000000,47546796,120100000
581,Death on the Nile,2022-02-09T00:00:00,90000000,45630104,130298184
582,The Devil's Own,1997-03-26T00:00:00,90000000,42885593,140900000
583,K-19: The Widowmaker,2002-07-19T00:00:00,90000000,35168966,65716126
584,Conan the Barbarian,2011-08-19T00:00:00,90000000,21295021,63356133
585,The Three Musketeers,2011-10-21T00:00:00,90000000,20377913,139877913
586,The Promise,2017-04-21T00:00:00,90000000,8224288,10551417
587,The Nutcracker in 3D,2010-11-24T00:00:00,90000000,195459,20466016
588,Bright,2017-12-13T00:00:00,90000000,0,0
589,Army of the Dead,2021-05-14T00:00:00,90000000,0,0
590,Twister,1996-05-10T00:00:00,88000000,241688385,495700000
591,Cinderella Man,2005-06-03T00:00:00,88000000,61649911,105021488
592,The Predator,2018-09-11T00:00:00,88000000,51024708,159487563
593,Snake Eyes: G.I. Joe Origins,2021-07-21T00:00:00,88000000,28264325,34677221
594,Fantastic Four,2005-07-08T00:00:00,87500000,154696080,333132750
595,Hannibal,2001-02-09T00:00:00,87000000,165092266,350100280
596,Renfield,2023-04-06T00:00:00,86203077,17297895,26874347
597,Seabiscuit,2003-07-25T00:00:00,86000000,120277854,148715342
598,Bullet Train,2022-07-14T00:00:00,85900000,103368602,238534963
599,Project Power,2020-08-14T00:00:00,85100000,0,0
600,Cast Away,2000-12-22T00:00:00,85000000,233632142,427230516
601,Happy Feet,2006-11-17T00:00:00,85000000,198000317,385000315
602,Ocean's Eleven,2001-12-07T00:00:00,85000000,183417150,450728529
603,The Bourne Supremacy,2004-07-23T00:00:00,85000000,176087450,311001124
604,Air Force One,1997-07-25T00:00:00,85000000,172956409,315268353
605,Kung Fu Panda 4,2024-03-06T00:00:00,85000000,165978990,409407385
606,Sing 2,2021-12-01T00:00:00,85000000,162790990,404534588
607,Fast & Furious,2009-04-02T00:00:00,85000000,155064265,359347833
608,Horton Hears a Who,2008-03-14T00:00:00,85000000,154529439,299477886
609,Elvis,2022-06-22T00:00:00,85000000,151416153,279938634
610,Divergent,2014-03-21T00:00:00,85000000,150947895,276014965
611,Hotel Transylvania,2012-09-27T00:00:00,85000000,148313048,378119469
612,Shazam!,2019-04-03T00:00:00,85000000,140371656,363563907
613,Enchanted,2007-11-21T00:00:00,85000000,127706877,340384141
614,Safe House,2012-02-08T00:00:00,85000000,126181630,207884401
615,I Now Pronounce You Chuck and Larry,2007-07-20T00:00:00,85000000,119725280,185708462
616,Ocean's Thirteen,2007-06-08T00:00:00,85000000,117144465,311744465
617,It’s Complicated,2009-12-25T00:00:00,85000000,112735375,224614744
618,Enemy of the State,1998-11-20T00:00:00,85000000,111549836,250649836
619,Open Season,2006-09-29T00:00:00,85000000,85105259,191932158
620,Tower Heist,2011-11-04T00:00:00,85000000,78046570,150422946
621,102 Dalmatians,2000-11-22T00:00:00,85000000,66941559,66941559
622,Mirror Mirror,2012-03-15T00:00:00,85000000,64935167,173613482
623,The Holiday,2006-12-08T00:00:00,85000000,63280000,204920447
624,The Fast and the Furious: Tokyo Drift,2006-06-15T00:00:00,85000000,62615510,157794205
625,Memoirs of a Geisha,2005-12-09T00:00:00,85000000,57010853,161510853
626,Enemy at the Gates,2001-03-16T00:00:00,85000000,51396781,96971293
627,Last Action Hero,1993-06-18T00:00:00,85000000,50016394,137298489
628,The Rundown,2003-09-26T00:00:00,85000000,47641743,80831893
629,Arthur Christmas,2011-11-11T00:00:00,85000000,46462469,147799400
630,xXx: Return of Xander Cage,2017-01-19T00:00:00,85000000,44898413,345033359
631,Meet Joe Black,1998-11-13T00:00:00,85000000,44650003,44650003
632,Cats & Dogs: The Revenge of Kitty Galore,2010-07-30T00:00:00,85000000,43585753,113026383
633,Collateral Damage,2002-02-08T00:00:00,85000000,40048332,78353508
634,Showtime,2002-03-15T00:00:00,85000000,37948765,78948765
635,Judge Dredd,1995-06-30T00:00:00,85000000,34687912,113487912
636,Zodiac,2007-03-02T00:00:00,85000000,33080084,83027938
637,Scott Pilgrim vs. The World,2010-08-12T00:00:00,85000000,32951310,49245842
638,The Core,2003-03-28T00:00:00,85000000,31111260,74120792
639,Father's Day,1997-05-09T00:00:00,85000000,28681080,35681080
640,The Greatest Showman,2017-12-11T00:00:00,84000000,174340174,429054204
641,Scooby-Doo,2002-06-14T00:00:00,84000000,153294164,276294164
642,Nutty Professor II: The Klumps,2000-07-28T00:00:00,84000000,123307945,166307945
643,RED 2,2013-07-19T00:00:00,84000000,53262560,141507355
644,Click,2006-06-23T00:00:00,82500000,137355633,237685089
645,Charlotte\'s Web,2006-12-15T00:00:00,82500000,82985708,143985708
646,Jumper,2008-02-14T00:00:00,82500000,80172128,222640812
647,Hellboy II: The Golden Army,2008-07-11T00:00:00,82500000,75986503,160388063
648,The Longest Yard,2005-05-27T00:00:00,82000000,158119460,191558505
649,The Expendables,2010-08-13T00:00:00,82000000,103068524,268268174
650,Birds of Prey (And the Fantabulous Emancipation…,2020-02-05T00:00:00,82000000,84158461,201005552
651,The Boss Baby: Family Business,2021-07-01T00:00:00,82000000,57300280,146281732
652,The 6th Day,2000-11-17T00:00:00,82000000,34543701,96024898
653,Bruce Almighty,2003-05-23T00:00:00,81000000,242704995,484468608
654,The Hunger Games,2012-03-08T00:00:00,80000000,408010692,677923379
655,Minions: The Rise of Gru,2022-06-16T00:00:00,80000000,370270765,939301597
656,The Hangover Part II,2011-05-26T00:00:00,80000000,254464305,586764305
657,Mission: Impossible,1996-05-21T00:00:00,80000000,180981886,457697994
658,The Lego Batman Movie,2017-02-02T00:00:00,80000000,175750384,310563096
659,Hotel Transylvania 2,2015-09-23T00:00:00,80000000,169700110,474800000
660,Batman Returns,1992-06-18T00:00:00,80000000,162833635,266824291
661,The Secret Life of Pets 2,2019-05-24T00:00:00,80000000,159214420,446449741
662,The Mummy,1999-05-07T00:00:00,80000000,155559305,416559305
663,Over the Hedge,2006-05-19T00:00:00,80000000,155019340,343397247
664,Lilo & Stitch,2002-06-21T00:00:00,80000000,145771527,245799997
665,Deep Impact,1998-05-08T00:00:00,80000000,140464664,349464664
666,Grown Ups 2,2013-07-12T00:00:00,80000000,133668525,247023808
667,Alvin and the Chipmunks: Chipwrecked,2011-12-14T00:00:00,80000000,133107389,349088523
668,Get Smart,2008-06-20T00:00:00,80000000,130319208,226739416
669,Robots,2005-03-11T00:00:00,80000000,128200012,260636271
670,Shutter Island,2010-02-19T00:00:00,80000000,128012934,299461782
671,Something's Gotta Give,2003-12-12T00:00:00,80000000,124685242,266685242
672,Four Christmases,2008-11-26T00:00:00,80000000,120146040,168311558
673,Face/Off,1997-06-27T00:00:00,80000000,112276146,241199984
674,Bedtime Stories,2008-12-25T00:00:00,80000000,110101975,221468935
675,Road to Perdition,2002-07-12T00:00:00,80000000,104054514,183354514
676,Just Go With It,2011-02-11T00:00:00,80000000,103028109,214974953
677,Daredevil,2003-02-14T00:00:00,80000000,102543518,182782518
678,Eagle Eye,2008-09-26T00:00:00,80000000,101440743,180585259
679,Con Air,1997-06-06T00:00:00,80000000,101117573,224117573
680,Yogi Bear,2010-12-17T00:00:00,80000000,100246011,204774690
681,Cold Mountain,2003-12-25T00:00:00,80000000,95632614,165173909
682,The Book of Eli,2010-01-15T00:00:00,80000000,94835059,158750817
683,Flubber,1997-11-26T00:00:00,80000000,92993801,177993801
684,The Haunting,1999-07-23T00:00:00,80000000,91188905,180188905
685,Space Jam,1996-11-15T00:00:00,80000000,90463534,250180384
686,Fury,2014-10-17T00:00:00,80000000,85817906,210315681
687,Smallfoot,2018-09-21T00:00:00,80000000,83240103,214244195
688,The Pink Panther,2006-02-10T00:00:00,80000000,82226474,158926474
689,Zookeeper,2011-07-08T00:00:00,80000000,80360866,170805525
690,The Day the Earth Stood Still,2008-12-12T00:00:00,80000000,79366978,237370350
691,Conspiracy Theory,1997-08-08T00:00:00,80000000,76118990,142783718
692,Six Days Seven Nights,1998-06-12T00:00:00,80000000,74339294,164800000
693,Spirit: Stallion of the Cimarron,2002-05-24T00:00:00,80000000,73215310,106515310
694,Swordfish,2001-06-08T00:00:00,80000000,69772969,147080413
695,Lost In Space,1998-04-03T00:00:00,80000000,69117629,136047317
696,The Manchurian Candidate,2004-07-30T00:00:00,80000000,65948711,96135872
697,Déjà Vu,2006-11-22T00:00:00,80000000,64038616,181038616
698,Bewitched,2005-06-24T00:00:00,80000000,63313159,131159306
699,Fantasia 2000,1999-12-31T00:00:00,80000000,60507228,60518248
700,The Good Shepherd,2006-12-22T00:00:00,80000000,59908565,100378271
701,The Time Machine,2002-03-08T00:00:00,80000000,56684819,98983590
702,What Dreams May Come,1998-10-02T00:00:00,80000000,55485043,71485043
703,Mighty Joe Young,1998-12-25T00:00:00,80000000,50632037,50632037
704,Ad Astra,2019-09-19T00:00:00,80000000,50188370,135406280
705,The Legend of Zorro,2005-10-28T00:00:00,80000000,45575336,141475336
706,Madame Web,2024-02-14T00:00:00,80000000,43809294,97728981
707,The Creator,2023-09-27T00:00:00,80000000,40774679,104272136
708,Little Nicky,2000-11-10T00:00:00,80000000,39442871,58270391
709,Surrogates,2009-09-25T00:00:00,80000000,38577772,119668350
710,Evolution,2001-06-08T00:00:00,80000000,38311134,98341932
711,The Brothers Grimm,2005-08-26T00:00:00,80000000,37899638,105299638
712,Mars Attacks!,1996-12-13T00:00:00,80000000,37771017,101371017
713,The Wild,2006-04-14T00:00:00,80000000,37384046,99010667
714,Walking with Dinosaurs,2013-12-20T00:00:00,80000000,36076121,123368842
715,Thirteen Days,2000-12-22T00:00:00,80000000,34566746,66554547
716,Daylight,1996-12-06T00:00:00,80000000,32908290,158908290
717,The Last Witch Hunter,2015-10-21T00:00:00,80000000,27367660,130818912
718,Pompeii,2014-02-21T00:00:00,80000000,23169033,108469033
719,Battlefield Earth: A Saga of the Year 3000,2000-05-12T00:00:00,80000000,21471685,29725663
720,Looney Tunes: Back in Action,2003-11-14T00:00:00,80000000,20950820,54540662
721,Nine,2009-12-18T00:00:00,80000000,19676965,56984219
722,Timeline,2003-11-26T00:00:00,80000000,19480739,26703184
723,Oceans,2010-04-22T00:00:00,80000000,19422319,86787530
724,Babe: Pig in the City,1998-11-25T00:00:00,80000000,18319860,69131860
725,The Postman,1997-12-25T00:00:00,80000000,17650704,20841123
726,Red Planet,2000-11-10T00:00:00,80000000,17480890,33463969
727,Arthur et les Minimoys,2007-01-12T00:00:00,80000000,15132763,113325743
728,The Invasion,2007-08-17T00:00:00,80000000,15074191,40147042
729,Amsterdam,2022-10-06T00:00:00,80000000,14947969,29400826
730,A Sound of Thunder,2005-09-02T00:00:00,80000000,1900451,6300451
731,The Aeronauts,2019-11-01T00:00:00,80000000,0,6628721
732,The Lion King,1994-06-15T00:00:00,79300000,421785283,986193783
733,Journey 2: The Mysterious Island,2012-01-19T00:00:00,79000000,103860290,318146162
734,Jack and Jill,2011-11-11T00:00:00,79000000,74158157,150519217
735,A Beautiful Mind,2001-12-21T00:00:00,78000000,170708996,317668058
736,Cloudy with a Chance of Meatballs 2,2013-09-26T00:00:00,78000000,119793567,274392649
737,Red Dragon,2002-10-04T00:00:00,78000000,92955420,206455420
738,Hidalgo,2004-03-05T00:00:00,78000000,67286731,108086731
739,The League of Extraordinary Gentlemen,2003-07-11T00:00:00,78000000,66465204,179265204
740,Exorcist: The Beginning,2004-08-20T00:00:00,78000000,41814863,43957541
741,Astérix et Obélix: Au service de Sa Majesté,2012-10-17T00:00:00,77600000,0,60680125
742,The Little Prince,2015-07-29T00:00:00,77500000,1311213,102027275
743,Renegades,2017-09-01T00:00:00,77500000,0,1521672
744,The Equalizer 2,2018-07-18T00:00:00,77000000,102084362,190376181
745,Despicable Me 2,2013-06-26T00:00:00,76000000,368065385,975216835
746,2 Fast 2 Furious,2003-06-06T00:00:00,76000000,127120058,236410607
747,Children of Men,2006-12-25T00:00:00,76000000,35552383,69845011
748,The Adventures of Rocky & Bullwinkle,2000-06-30T00:00:00,76000000,26000610,35129610
749,The Secret Life of Pets,2016-05-08T00:00:00,75000000,369094830,886013000
750,Independence Day,1996-07-02T00:00:00,75000000,306169255,817400878
751,Dr. Seuss’ The Grinch,2018-11-07T00:00:00,75000000,272699130,514873747
752,Sing,2016-11-24T00:00:00,75000000,270329045,631064182
753,Despicable Me 3,2017-06-14T00:00:00,75000000,264624300,1032809657
754,The Lost World: Jurassic Park,1997-05-22T00:00:00,75000000,229086679,618638999
755,Ice Age: The Meltdown,2006-03-31T00:00:00,75000000,195330621,651899282
756,Madagascar,2005-05-27T00:00:00,75000000,193595521,556559566
757,John Wick: Chapter 3 — Parabellum,2019-05-15T00:00:00,75000000,171016727,326685379
758,Grown Ups,2010-06-25T00:00:00,75000000,162001186,272222420
759,Shark Tale,2004-09-20T00:00:00,75000000,161412000,371741123
760,X-Men,2000-07-14T00:00:00,75000000,157299717,296872367
761,Creed III,2023-03-01T00:00:00,75000000,156248615,274448615
762,Wanted,2008-06-27T00:00:00,75000000,134508551,342416460
763,The Rock,1996-06-07T00:00:00,75000000,134069511,336069511
764,Ghostbusters: Afterlife,2021-11-18T00:00:00,75000000,129360575,203540177
765,50 First Dates,2004-02-13T00:00:00,75000000,120776832,196320329
766,Mamma Mia: Here We Go Again!,2018-07-18T00:00:00,75000000,120634935,399175380
767,Hairspray,2007-07-20T00:00:00,75000000,118871849,202822861
768,Now You See Me,2013-05-31T00:00:00,75000000,117723989,342769200
769,Dreamgirls,2006-12-15T00:00:00,75000000,103365956,155620350
770,Christopher Robin,2018-08-03T00:00:00,75000000,99215042,197744377
771,Inspector Gadget,1999-07-23T00:00:00,75000000,97387965,97387965
772,Immortals,2011-11-11T00:00:00,75000000,83504017,211562435
773,The Terminal,2004-06-18T00:00:00,75000000,77073959,218673959
774,Constantine,2005-02-18T00:00:00,75000000,75976178,221593554
775,Morbius,2022-03-30T00:00:00,75000000,73865530,162759437
776,Monster House,2006-07-21T00:00:00,75000000,73661010,141267370
777,Vertical Limit,2000-12-08T00:00:00,75000000,68473360,213500000
778,Charlie Wilson’s War,2007-12-21T00:00:00,75000000,66661095,119512771
779,Life,1999-04-16T00:00:00,75000000,64062587,73521587
780,Abominable,2019-09-19T00:00:00,75000000,60761390,188668748
781,Be Cool,2005-03-04T00:00:00,75000000,55849401,94944017
782,House of Gucci,2021-11-24T00:00:00,75000000,53809574,147474138
783,Munich,2005-12-23T00:00:00,75000000,47379090,131492772
784,Killers,2010-06-04T00:00:00,75000000,47059963,95572749
785,The Man From U.N.C.L.E.,2015-08-12T00:00:00,75000000,45445109,108517735
786,Tears of the Sun,2003-03-07T00:00:00,75000000,43632458,85632458
787,Lady in the Water,2006-07-21T00:00:00,75000000,42285169,72785169
788,Spanglish,2004-12-17T00:00:00,75000000,42044321,54344321
789,Bandits,2001-10-12T00:00:00,75000000,41523271,71523271
790,Anna and the King,1999-12-17T00:00:00,75000000,39251128,39251128
791,First Knight,1995-07-07T00:00:00,75000000,37361412,127361412
792,Sucker Punch,2011-03-25T00:00:00,75000000,36392502,89758389
793,Hostage,2005-03-11T00:00:00,75000000,34636443,77636443
794,Inferno,2016-10-05T00:00:00,75000000,34343574,219519367
795,Hollywood Homicide,2003-06-13T00:00:00,75000000,30207785,50409753
796,Titan A.E.,2000-06-16T00:00:00,75000000,22751979,36751979
797,Flight of the Phoenix,2004-12-17T00:00:00,75000000,21009180,34009180
798,Soldier,1998-10-23T00:00:00,75000000,14623082,14623082
799,The 355,2022-01-06T00:00:00,75000000,14570455,18902798
800,Virus,1999-01-15T00:00:00,75000000,14010690,30626690
801,Monkeybone,2001-02-23T00:00:00,75000000,5409517,5409517
802,PLAYMOBIL,2019-08-07T00:00:00,75000000,1115008,16288031
803,Don’t Look Up,2021-12-08T00:00:00,75000000,0,762858
804,The Man From Toronto,2022-06-24T00:00:00,75000000,0,470000
805,Devara Part 1,2024-10-10T00:00:00,75000000,0,0
806,Minions,2015-06-17T00:00:00,74000000,336045770,1157271759
807,The SpongeBob Movie: Sponge Out of Water,2015-01-28T00:00:00,74000000,162994032,311013181
808,The Lost City,2022-03-24T00:00:00,74000000,105344029,192327444
809,Unbreakable,2000-11-22T00:00:00,73243106,94999143,248099143
810,Talladega Nights: The Ballad of Ricky Bobby,2006-08-04T00:00:00,73000000,148213377,162870525
811,The Angry Birds Movie,2016-05-11T00:00:00,73000000,107509366,352288341
812,Snake Eyes,1998-08-07T00:00:00,73000000,55591409,103891409
813,Sphere,1998-02-13T00:00:00,73000000,37068294,50168294
814,The Simpsons Movie,2007-07-26T00:00:00,72500000,183135014,527071022
815,Fool’s Gold,2008-02-08T00:00:00,72500000,70231041,109362966
816,Funny People,2009-07-31T00:00:00,72500000,51855045,71880305
817,The Kingdom,2007-09-28T00:00:00,72500000,47467250,86802457
818,Migration,2023-12-06T00:00:00,72000000,127292645,292378695
819,Dr. Dolittle 2,2001-06-22T00:00:00,72000000,112950721,176101721
820,Braveheart,1995-05-24T00:00:00,72000000,75545647,209045244
821,Jarhead,2005-11-04T00:00:00,72000000,62647540,96947540
822,Driven,2001-04-27T00:00:00,72000000,32616869,54616869
823,The Majestic,2001-12-21T00:00:00,72000000,27796042,37306334
824,Two Brothers,2004-06-25T00:00:00,72000000,19176754,62176754
825,The Village,2004-07-30T00:00:00,71682975,114197520,257641634
826,Doctor Dolittle,1998-06-26T00:00:00,71500000,144156605,294156605
827,Signs,2002-08-02T00:00:00,70702619,227969295,408250578
828,Shrek 2,2004-05-19T00:00:00,70000000,441426807,935454538
829,Cars,2006-05-01T00:00:00,70000000,244082982,461630558
830,Alvin and the Chipmunks: The Squeakquel,2009-12-23T00:00:00,70000000,219614612,443483213
831,It: Chapter Two,2019-09-04T00:00:00,70000000,211593228,467561586
832,Who Framed Roger Rabbit?,1988-06-22T00:00:00,70000000,154112492,351500000
833,Runaway Bride,1999-07-30T00:00:00,70000000,152257509,310138178
834,xXx,2002-08-09T00:00:00,70000000,141930000,267200000
835,Ocean’s 8,2018-06-08T00:00:00,70000000,140218711,297718711
836,Ransom,1996-11-08T00:00:00,70000000,136492681,308700000
837,Inglourious Basterds,2009-08-21T00:00:00,70000000,120774594,316802281
838,Hook,1991-12-11T00:00:00,70000000,119654823,300854823
839,Teenage Mutant Ninja Turtles: Mutant Mayhem,2023-08-02T00:00:00,70000000,118700272,180329865
840,Die Hard 2,1990-07-03T00:00:00,70000000,117323878,239813888
841,S.W.A.T.,2003-08-08T00:00:00,70000000,116877597,207154748
842,Daddy’s Home 2,2017-11-10T00:00:00,70000000,104029443,175807183
843,Sleepy Hollow,1999-11-19T00:00:00,70000000,101068340,207068340
844,Vanilla Sky,2001-12-14T00:00:00,70000000,100614858,202726605
845,Hercules,1997-06-13T00:00:00,70000000,99112101,250700000
846,Olympus Has Fallen,2013-03-20T00:00:00,70000000,98927592,172836993
847,The Bad Guys,2022-03-17T00:00:00,70000000,97459240,250901649
848,Battle: Los Angeles,2011-03-11T00:00:00,70000000,83552429,213463976
849,AVP: Alien Vs. Predator,2004-08-13T00:00:00,70000000,80281096,172543519
850,War Horse,2011-12-25T00:00:00,70000000,79883359,156815529
851,We Were Soldiers,2002-03-01T00:00:00,70000000,78120196,114658262
852,The Monuments Men,2014-02-07T00:00:00,70000000,78031620,158702748
853,Storks,2016-09-22T00:00:00,70000000,72679278,183353431
854,Star Trek: Insurrection,1998-12-11T00:00:00,70000000,70187658,117800000
855,Big Fish,2003-12-10T00:00:00,70000000,66432867,123954323
856,Wolf,1994-06-17T00:00:00,70000000,65011757,131011757
857,Underworld: Awakening,2012-01-20T00:00:00,70000000,62321039,160379930
858,The Lego Ninjago Movie,2017-09-15T00:00:00,70000000,59281555,122737201
859,Dracula Untold,2014-10-01T00:00:00,70000000,55991880,220241723
860,The Guardian,2006-09-29T00:00:00,70000000,55011732,94973540
861,The Abyss,1989-08-09T00:00:00,70000000,54763229,54793434
862,Wall Street 2: Money Never Sleeps,2010-09-24T00:00:00,70000000,52474616,137431619
863,The Dilemma,2011-01-14T00:00:00,70000000,48475290,70546865
864,Rumor Has It,2005-12-25T00:00:00,70000000,42996140,88933562
865,The Siege,1998-11-06T00:00:00,70000000,40934175,116625798
866,Stardust,2007-08-10T00:00:00,70000000,38634938,137022245
867,Rock of Ages,2012-06-13T00:00:00,70000000,38518613,61031932
868,The Hitman’s Wife’s Bodyguard,2021-06-11T00:00:00,70000000,38014727,67387455
869,Seven Years in Tibet,1997-10-08T00:00:00,70000000,37945884,131445884
870,Sky Captain and the World of Tomorrow,2004-09-17T00:00:00,70000000,37760080,49730854
871,The Brave One,2007-09-14T00:00:00,70000000,36793804,69792704
872,I Spy,2002-11-01T00:00:00,70000000,33561137,60279822
873,Bad Company,2002-06-07T00:00:00,70000000,30157016,69157016
874,Doom,2005-10-21T00:00:00,70000000,28212337,58757178
875,The Finest Hours,2016-01-27T00:00:00,70000000,27569558,49252761
876,Escape Plan,2013-10-10T00:00:00,70000000,25135965,103735965
877,Killer Elite,2011-09-23T00:00:00,70000000,25124986,65409046
878,Hard Rain,1998-01-16T00:00:00,70000000,19870567,19870567
879,Hart's War,2002-02-15T00:00:00,70000000,19076815,33076815
880,Rollerball,2002-02-08T00:00:00,70000000,18990542,25852508
881,The Legend of Hercules,2014-01-10T00:00:00,70000000,18848538,58953319
882,Next,2007-04-27T00:00:00,70000000,18211013,73591500
883,Ruby Gillman Teenage Kraken,2023-06-28T00:00:00,70000000,15753600,46143948
884,Ballistic: Ecks vs. Sever,2002-09-20T00:00:00,70000000,14294842,14294842
885,Osmosis Jones,2001-08-10T00:00:00,70000000,13596911,13596911
886,Legends of Oz: Dorothy’s Return,2014-05-09T00:00:00,70000000,8462347,20107933
887,Blackhat,2015-01-16T00:00:00,70000000,8005980,19665004
888,Basic Instinct 2,2006-03-31T00:00:00,70000000,5946136,35417162
889,Agora,2010-05-28T00:00:00,70000000,619423,38992292
890,The Old Guard,2020-07-10T00:00:00,70000000,0,0
892,Despicable Me,2010-07-09T00:00:00,69000000,252756705,544707293
893,Dinner for Schmucks,2010-07-30T00:00:00,69000000,73026337,86796502
894,Red Sparrow,2018-02-28T00:00:00,69000000,46874505,145951861
895,The Twilight Saga: Eclipse,2010-06-30T00:00:00,68000000,300531751,706102828
896,Nope,2022-07-21T00:00:00,68000000,123277080,172039087
897,The Sum of All Fears,2002-05-31T00:00:00,68000000,118471320,193500000
898,Ted 2,2015-06-25T00:00:00,68000000,81476385,217214143
899,The Score,2001-07-13T00:00:00,68000000,71069884,113542091
900,Hall Pass,2011-02-25T00:00:00,68000000,45060734,87173475
901,Money Train,1995-11-22T00:00:00,68000000,35324232,77224232
902,Dreamcatcher,2003-03-21T00:00:00,68000000,33685268,75685268
903,Mystery Men,1999-08-06T00:00:00,68000000,29762011,33462011
904,The Insider,1999-11-05T00:00:00,68000000,28965197,60265197
905,Downsizing,2017-12-22T00:00:00,68000000,24449754,54462971
906,Reminiscence,2021-08-18T00:00:00,67972729,3900193,15449322
907,Dr. Seuss’ The Lorax,2012-03-01T00:00:00,67500000,214151550,351097803
908,Body of Lies,2008-10-10T00:00:00,67500000,39394666,118556530
909,Abraham Lincoln: Vampire Hunter,2012-06-20T00:00:00,67500000,37519139,137489730
910,The New Mutants,2020-08-26T00:00:00,67000000,23855569,44608247
911,Last Man Standing,1996-09-20T00:00:00,67000000,18115927,18149997
912,The Last Legion,2007-08-17T00:00:00,67000000,5932060,25357771
913,Entrapment,1999-04-30T00:00:00,66000000,87707396,211700000
914,The X Files: Fight the Future,1998-06-19T00:00:00,66000000,83898313,189176423
915,The Dark Tower,2017-08-02T00:00:00,66000000,50701325,113461527
916,Need for Speed,2014-03-13T00:00:00,66000000,43568507,194169619
917,Saving Private Ryan,1998-07-24T00:00:00,65000000,216335085,485035085
918,What Women Want,2000-12-15T00:00:00,65000000,182805123,374105123
919,Lincoln,2012-11-09T00:00:00,65000000,182207973,273346281
920,Ice Age,2002-03-15T00:00:00,65000000,176387405,386116343
921,The Matrix,1999-03-31T00:00:00,65000000,173993387,465974198
922,Apollo 13,1995-06-30T00:00:00,65000000,173772767,335802271
923,Hotel Transylvania 3: Summer Vacation,2018-06-22T00:00:00,65000000,167500092,528500000
924,Les Misérables,2012-12-19T00:00:00,65000000,149260140,435292452
925,The Santa Clause 2,2002-11-01T00:00:00,65000000,139225854,172844592
926,Total Recall,1990-06-01T00:00:00,65000000,119394839,261399830
927,You’ve Got Mail,1998-12-18T00:00:00,65000000,115821495,250800000
928,Unbroken,2014-12-25T00:00:00,65000000,115637895,163527824
929,Spy!,2015-05-21T00:00:00,65000000,110825712,233844106
930,Due Date,2010-11-05T00:00:00,65000000,100539043,211739043
931,Step Brothers,2008-07-25T00:00:00,65000000,100468793,128107642
932,Jumanji,1995-12-15T00:00:00,65000000,100458310,262758310
933,The Mask of Zorro,1998-07-17T00:00:00,65000000,93828745,233700000
934,Space Cowboys,2000-08-04T00:00:00,65000000,90454043,128874043
935,Annie,2014-12-18T00:00:00,65000000,85911262,139829625
936,Cliffhanger,1993-05-28T00:00:00,65000000,84049211,255000000
937,Pete’s Dragon,2016-08-10T00:00:00,65000000,76233151,137768975
938,Broken Arrow,1996-02-09T00:00:00,65000000,70645997,148345997
939,World Trade Center,2006-08-09T00:00:00,65000000,70278893,163295654
940,The Kid,2000-07-07T00:00:00,65000000,69688384,69688384
941,Mona Lisa Smile,2003-12-19T00:00:00,65000000,63803100,141205169
942,The Dictator,2012-05-16T00:00:00,65000000,59650222,180148897
943,The Croods: A New Age,2020-11-25T00:00:00,65000000,58568815,214790246
944,Eyes Wide Shut,1999-07-16T00:00:00,65000000,55691208,104264617
945,This Means War,2012-02-16T00:00:00,65000000,54760791,156974557
946,Focus,2015-02-26T00:00:00,65000000,53862963,168065700
947,Blade: Trinity,2004-12-08T00:00:00,65000000,52397389,131353165
948,Red Dawn,2012-11-21T00:00:00,65000000,44806783,48164150
949,We Are Marshall,2006-12-22T00:00:00,65000000,43545364,43545364
950,Everest,2015-08-17T00:00:00,65000000,43482270,221297061
951,Resident Evil: Retribution,2012-09-12T00:00:00,65000000,42345531,240647629
952,The Angry Birds Movie 2,2019-08-02T00:00:00,65000000,41657076,152255188
953,Primary Colors,1998-03-20T00:00:00,65000000,39017984,39017984
954,Fight Club,1999-10-15T00:00:00,65000000,37030102,100820947
955,Death Race,2008-08-22T00:00:00,65000000,36316032,72516819
956,The Long Kiss Goodnight,1996-10-11T00:00:00,65000000,33447612,33447612
957,Proof of Life,2000-12-08T00:00:00,65000000,32598931,62761005
958,Zathura,2005-11-11T00:00:00,65000000,28045540,58545540
959,The Missing,2003-11-26T00:00:00,65000000,26900336,38253433
960,Elektra,2005-01-14T00:00:00,65000000,24409722,56824633
961,Astro Boy,2009-10-23T00:00:00,65000000,19551067,41636243
962,I Frankenstein,2014-01-24T00:00:00,65000000,19075290,74575290
963,Underwater,2019-11-29T00:00:00,65000000,17291078,39177495
964,Hudson Hawk,1991-05-24T00:00:00,65000000,17218916,17218916
965,Sin City: A Dame to Kill For,2014-08-22T00:00:00,65000000,13757804,40650842
966,Live by Night,2016-12-25T00:00:00,65000000,10378555,21774432
967,Lucky Numbers,2000-10-27T00:00:00,65000000,10014234,10014234
968,Oliver Twist,2005-09-23T00:00:00,65000000,2070920,26670920
969,Tian jiang xiong shi,2015-02-18T00:00:00,65000000,74070,122519874
970,Air Strike,2018-10-26T00:00:00,65000000,0,516279
971,Extraction,2020-04-24T00:00:00,65000000,0,0
972,Prey,2022-08-05T00:00:00,65000000,0,0
973,Little Man,2006-07-14T00:00:00,64000000,58636047,101636047
974,Clifford the Big Red Dog,2021-11-10T00:00:00,64000000,48947356,78425805
975,Random Hearts,1999-10-08T00:00:00,64000000,31054924,63200000
976,Perfume: The Story of a Murderer,2006-12-27T00:00:00,63700000,2223293,133603463
977,Jurassic Park,1993-06-11T00:00:00,63000000,415404543,1058454230
978,Austin Powers in Goldmember,2002-07-25T00:00:00,63000000,213117789,296338663
979,Hop,2011-04-01T00:00:00,63000000,108085305,188494082
980,American Assassin,2017-09-14T00:00:00,63000000,36249674,68310140
981,Wyatt Earp,1994-06-24T00:00:00,63000000,25052000,25052000
982,Clear and Present Danger,1994-08-03T00:00:00,62000000,122012656,207500000
983,U-571,2000-04-21T00:00:00,62000000,77086030,127630030
984,The American President,1995-11-17T00:00:00,62000000,60022813,107822813
985,The Hateful Eight,2015-12-25T00:00:00,62000000,54117416,151813358
986,The Love Guru,2008-06-20T00:00:00,62000000,32235793,40159017
987,3000 Miles to Graceland,2001-02-23T00:00:00,62000000,15738632,18708848
988,Gone Girl,2014-10-02T00:00:00,61000000,167767189,367160781
989,A Quiet Place: Part II,2021-05-26T00:00:00,61000000,160215764,296650356
990,Blades of Glory,2007-03-30T00:00:00,61000000,118594548,145594548
991,Maze Runner: The Scorch Trials,2015-09-09T00:00:00,61000000,81697192,310566162
992,2 Guns,2013-08-02T00:00:00,61000000,75612460,132493015
993,Maze Runner: The Death Cure,2018-01-17T00:00:00,61000000,58032443,265878536
994,A Dog’s Way Home,2019-01-09T00:00:00,61000000,41952715,81152505
995,Mei Ren Yu,2016-02-07T00:00:00,60720000,3229457,525018479
996,Meet the Fockers,2004-12-22T00:00:00,60000000,279167575,516567575
997,The Lego Movie,2014-02-06T00:00:00,60000000,257784718,467576428
998,300,2007-03-09T00:00:00,60000000,210614939,454161935
999,Wild Hogs,2007-03-02T00:00:00,60000000,168213584,253555383
